[{"title":"Ramona Lisa Trio, Final Show","place":"Le Poisson Rouge, NYC","date":"10.13.14","photographer":"Phil Chang","file":"ramona-lisa-trio-final-show-1-le-poisson-rouge-nyc-10-13-14-phil-chang.jpg"},{"title":"Ramona Lisa Trio, Final Show","place":"Le Poisson Rouge, NYC","date":"10.13.14","photographer":"Phil Chang","file":"ramona-lisa-trio-final-show-2-le-poisson-rouge-nyc-10-13-14-phil-chang.jpg"},{"title":"Ramona Lisa Trio, Final Show","place":"Le Poisson Rouge, NYC","date":"10.13.14","photographer":"Phil Chang","file":"ramona-lisa-trio-final-show-3-le-poisson-rouge-nyc-10-13-14-phil-chang.jpg"},{"title":"Ramona Lisa Trio, Final Show","place":"Le Poisson Rouge, NYC","date":"10.13.14","photographer":"Phil Chang","file":"ramona-lisa-trio-final-show-4-le-poisson-rouge-nyc-10-13-14-phil-chang.jpg"},{"title":"Ramona Lisa Trio, Final Show","place":"Le Poisson Rouge, NYC","date":"10.13.14","photographer":"Phil Chang","file":"ramona-lisa-trio-final-show-5-le-poisson-rouge-nyc-10-13-14-phil-chang.jpg"},{"title":"Ramona Lisa Trio and Jay Israelson","place":"Wythe Hotel","date":"9.15.14","photographer":"Josh Language","file":"ramona-lisa-trio-and-jay-israelson-wythe-hotel-9-15-14-josh-language.jpg"},{"title":"Ramona Lisa Trio","date":"8.22.14","place":"Los Globos, Los Angeles","photographer":"Unknown","file":"ramona-lisa-trio-los-globos-los-angeles-8-22-14-.jpg"},{"title":"Ramona Lisa Trio","date":"7.5.14","place":"MoMA PS1, NYC","photographer":"Charles Roussel","file":"ramona-lisa-trio-mo-ma-ps-1-nyc-7-5-14-charles-roussel.jpg"},{"title":"Ramona Lisa Trio","date":"7.5.14","place":"MoMA PS1, NYC","photographer":"Brooklyn Vegan","file":"ramona-lisa-trio-1-mo-ma-ps-1-nyc-7-5-14-brooklyn-vegan.jpg"},{"title":"Ramona Lisa Trio","date":"7.5.14","place":"MoMA PS1, NYC","photographer":"Brooklyn Vegan","file":"ramona-lisa-trio-2-mo-ma-ps-1-nyc-7-5-14-brooklyn-vegan.jpg"},{"title":"Ramona Lisa Trio","date":"6.19.14","place":"Villa Aperta Festival, Rome","photographer":"Arte","file":"ramona-lisa-trio-1-villa-aperta-festival-rome-6-19-14-arte.jpg"},{"title":"Ramona Lisa Trio","date":"6.19.14","place":"Villa Aperta Festival, Rome","photographer":"Arte","file":"ramona-lisa-trio-2-villa-aperta-festival-rome-6-19-14-arte.jpg"},{"title":"Ramona Lisa Trio","date":"6.18.14","place":"Le Carmen, Paris","photographer":"Monsieur Tambour","file":"ramona-lisa-trio-le-carmen-paris-6-18-14-monsieur-tambour.jpg"},{"title":"Ramona Lisa Trio","date":"6.17.14","place":"Courtyard Theatre, London","photographer":"Christina Sancu","file":"ramona-lisa-trio-1-courtyard-theatre-london-6-17-14-christina-sancu.jpg"},{"title":"Ramona Lisa Trio","date":"6.17.14","place":"Courtyard Theatre, London","photographer":"Christina Sancu","file":"ramona-lisa-trio-christina-sancu-6-17-14-.jpg"},{"title":"Ramona Lisa Trio","date":"6.17.14","place":"Courtyard Theatre, London","photographer":"Jian Wu","file":"ramona-lisa-trio-1-courtyard-theatre-london-6-17-14-jian-wu.jpg"},{"title":"Ramona Lisa Trio, Arcadia Release","place":"Babys All Right, NYC","date":"4.28.14","photographer":"Ethan Wells","file":"ramona-lisa-trio-arcadia-release-babys-all-right-nyc-4-28-14-ethan-wells.jpg"},{"title":"Ramona Lisa Trio, Arcadia Release","place":"Babys All Right, NYC","date":"4.28.14","photographer":"Leslie Hamilton","file":"ramona-lisa-trio-arcadia-release-babys-all-right-nyc-4-28-14-leslie-hamilton.jpg"},{"title":"Ramona Lisa","date":"4.13.14","place":"Swords-Smith, NYC","photographer":"Swords-Smith","file":"ramona-lisa-2-swords-smith-nyc-4-13-14-swords-smith.jpg"},{"title":"Ramona Lisa","date":"4.11.14","place":"Private Performance, Palm Springs","photographer":"Vogue.com","file":"ramona-lisa-1-private-performance-palm-springs-ca-4-11-14-vogue-com.jpg"},{"title":"Theora Vorbis","date":"12.18.13","photographer":"Unknown","place":"Babys All Right, NYC","file":"theora-vorbis-babys-all-right-nyc-12-18-13-.jpg"},{"title":"Agatha Dimm","date":"10.19.13","place":"Shea Stadium, Brooklyn","photographer":"Unknown","file":"agatha-dimm-1-shea-stadium-brooklyn-10-19-13-.jpg"},{"title":"Agatha Dimm","date":"10.19.13","place":"Shea Stadium, Brooklyn","photographer":"Unknown","file":"agatha-dimm-2-shea-stadium-brooklyn-10-19-13-.jpg"},{"title":"Kimsin Kreft","date":"6.13.13","photographer":"Clocktower Gallery","place":"Clocktower, NYC","file":"kimsin-kreft-1-clocktower-nyc-6-13-13-.jpg"},{"title":"Kimsin Kreft","date":"6.13.13","photographer":"Clocktower Gallery","place":"Clocktower, NYC","file":"kimsin-kreft-2-clocktower-nyc-6-13-13-.jpg"},{"title":"Kimsin Kreft","date":"5.4.13","place":"Le Poisson Rouge, NYC","photographer":"Eric Epstein","file":"kimsin-kreft-le-poisson-rouge-nyc-5-4-13-.jpg"}]