[{"title":"Ramona Lisa","date":"2014","photographer":"Holland Brown","source":"Private Collection","file":"ramona-lisa-2014-holland-brown-private-collection.jpg"},{"title":"Work Desk. Villa Medici, Rome","date":"2013","photographer":"Ramona Lisa","source":"Private Collection","file":"work-desk-villa-medici-rome-2014-ramona-lisa-private-collection.jpg"},{"title":"View While Recording. Villa Medici, Rome","date":"2013","photographer":"Ramona Lisa","source":"Private Collection","file":"view-while-recording-villa-medici-rome-2014-ramona-lisa-private-collection.jpg"},{"title":"Choreography notes","date":"2013","photographer":"Ramona Lisa","source":"Private Collection","file":"choreography-notes-2014-ramona-lisa-private-collection.jpg"},{"title":"Tour poster","date":"2014","photographer":"Amanda Vincelli","source":"Terrible Records","file":"tour-poster-2014-amanda-vincelli-terrible-records.jpg"},{"title":"Storyboard Drawings for \"Dominic\" Video","date":"2014","photographer":"Ramona Lisa","source":"Private Collection","file":"storyboard-drawings-for-dominic-video-2014-ramona-lisa-private-collection.jpg"},{"title":"Rehearsals with dance coach Juri Onuki","date":"2014","photographer":"Ramona Lisa","source":"Private Collection","file":"rehearsals-with-dance-coach-juri-onuki-2014-ramona-lisa-private-collection.jpg"},{"title":"Record Release Show Flyer","date":"2014","photographer":"Tim Barber","source":"Terrible Records","file":"record-release-show-flyer-2014-tim-barber-terrible-records.jpg"},{"title":"Ramona Lisa","date":"2014","photographer":"Guy Eppel","source":"Noisey","file":"ramona-lisa-2014-guy-eppel-noisey.jpg"},{"title":"Ramona Lisa","date":"2014","photographer":"Dustin Aksland","source":"SPEX Magazine Germany","file":"ramona-lisa-2014-dustin-aksland-spex-magazine-germany.jpg"},{"title":"Ramona Lisa","date":"2014","photographer":"Chad Moore","source":"BEAT Magazine UK","file":"ramona-lisa-1-2014-chad-moore-beat-magazine-uk.jpg"},{"title":"Ramona Lisa","date":"2014","photographer":"Chad Moore","source":"BEAT Magazine UK","file":"ramona-lisa-2-2014-chad-moore-beat-magazine-uk.jpg"},{"title":"Ramona Lisa","date":"2014","photographer":"Amanda Vincelli","source":"The WILD Magazine","file":"ramona-lisa-2014-amanda-vincelli-the-wild-magazine.jpg"},{"title":"Makeup test","date":"2014","photographer":"Ramona Lisa","source":"Private Collection","file":"makeup-test-2014-ramona-lisa-private-collection.jpg"},{"title":"Fitting Stage Costumes by Valentina Kova","date":"2014","photographer":"Joshua Johnson","source":"Atelier Valentina Kova","file":"fitting-stage-costumes-by-valentina-kova-1-2014-joshua-johnson-atelier-valentina-kova.jpg"},{"title":"Fitting Stage Costumes by Valentina Kova","date":"2014","photographer":"Joshua Johnson","source":"Atelier Valentina Kova","file":"fitting-stage-costumes-by-valentina-kova-2-2014-joshua-johnson-atelier-valentina-kova.jpg"},{"title":"Fitting Stage Costumes by Valentina Kova","date":"2014","photographer":"Joshua Johnson","source":"Atelier Valentina Kova","file":"fitting-stage-costumes-by-valentina-kova-3-2014-joshua-johnson-atelier-valentina-kova.jpg"},{"title":"Behind The Scenes with performer Holland Brown","date":"2013","photographer":"Amanda Vincelli","source":"Private Collection","file":"behind-the-scenes-with-performer-holland-brown-2014-amanda-vincelli-private-collection.jpg"},{"title":"Behind the scenes shooting dance archive","date":"2014","photographer":"Zev Rector","source":"Private Collection","file":"behind-the-scenes-shooting-dance-archive-3-2014-zev-rector-private-collection.jpg"},{"title":"Behind the scenes shooting dance archive","date":"2014","photographer":"Zev Rector","source":"Private Collection","file":"behind-the-scenes-shooting-dance-archive-2-2014-zev-rector-private-collection.jpg"},{"title":"Behind the scenes shooting dance archive","date":"2014","photographer":"Zev Rector","source":"Private Collection","file":"behind-the-scenes-shooting-dance-archive-1-2014-zev-rector-private-collection.jpg"},{"title":"Behind The Scenes of Choreography Shoot","date":"2014","photographer":"Amanda Vincelli","source":"Ramona Lisa","file":"behind-the-scenes-of-choreography-shoot-2014-amanda-vincelli-ramona-lisa.jpg"},{"title":"Backstage with performer Sonja Mauro","date":"2014","photographer":"Callie Barlow","source":"Private Collection","file":"backstage-with-performer-sonja-mauro-2014-callie-barlow-private-collection.jpg"},{"title":"Backstage at United Palace Theatre","date":"2014","photographer":"Callie Barlow","source":"Private Collection","file":"backstage-at-united-palace-theatre-2014-callie-barlow-private-collection.jpg"},{"title":"Backstage after record release show","date":"2014","photographer":"Eric Epstien","source":"Private Collection","file":"backstage-after-record-release-show-2014-eric-epstien-private-collection.jpg"},{"title":"Ramona Lisa","date":"2013","photographer":"Tim Barber","source":"Arcadia","file":"ramona-lisa-1-2014-tim-barber-arcadia.jpg"},{"title":"Ramona Lisa","date":"2013","photographer":"Tim Barber","source":"Arcadia","file":"ramona-lisa-2-2014-tim-barber-arcadia.jpg"},{"title":"Ramona Lisa","date":"2013","photographer":"Tim Barber","source":"Arcadia","file":"ramona-lisa-3-2014-tim-barber-arcadia.jpg"},{"title":"Ramona Lisa","date":"2013","photographer":"Tim Barber","source":"Arcadia","file":"ramona-lisa-4-2014-tim-barber-arcadia.jpg"},{"title":"Ramona Lisa","date":"2013","photographer":"Tim Barber","source":"Arcadia","file":"ramona-lisa-5-2014-tim-barber-arcadia.jpg"},{"title":"Ramona Lisa","date":"2013","photographer":"Tim Barber","source":"Arcadia","file":"ramona-lisa-6-2014-tim-barber-arcadia.jpg"}]